[
    {
       "id": 1,
       "titulo": "iPhone 9",
       "descripcion": "An apple mobile which is nothing like apple",
       "precio": 549,
       "porcentajeDeDescuento": 12.96,
       "rating": 4.69,
       "stock": 94,
       "marca": "Apple",
       "categoria": "smartphones"
    },
    {
       "id": 2,
       "titulo": "iPhone X",
       "descripcion": "SIM-Free, Model A19211 6.5-inch Super Retina HD display with OLED technology A12 Bionic chip with ...",
       "precio": 899,
       "porcentajeDeDescuento": 17.94,
       "rating": 4.44,
       "stock": 34,
       "marca": "Apple",
       "categoria": "smartphones"
    },
    {
       "id": 3,
       "titulo": "Samsung Universe 9",
       "descripcion": "Samsung's new variant which goes beyond Galaxy to the Universe",
       "precio": 1249,
       "porcentajeDeDescuento": 15.46,
       "rating": 4.09,
       "stock": 36,
       "marca": "Samsung",
       "categoria": "smartphones"
    },
    {
       "id": 4,
       "titulo": "OPPOF19",
       "descripcion": "OPPO F19 is officially announced on April 2021.",
       "precio": 280,
       "porcentajeDeDescuento": 17.91,
       "rating": 4.3,
       "stock": 123,
       "marca": "OPPO",
       "categoria": "smartphones"
    },
    {
       "id": 5,
       "titulo": "Huawei P30",
       "descripcion": "Huawei’s re-badged P30 Pro New Edition was officially unveiled yesterday in Germany and now the device has made its way to the UK.",
       "precio": 499,
       "porcentajeDeDescuento": 10.58,
       "rating": 4.09,
       "stock": 32,
       "marca": "Huawei",
       "categoria": "smartphones"
    },
    {
       "id": 6,
       "titulo": "MacBook Pro",
       "descripcion": "MacBook Pro 2021 with mini-LED display may launch between September, November",
       "precio": 1749,
       "porcentajeDeDescuento": 11.02,
       "rating": 4.57,
       "stock": 83,
       "marca": "Apple",
       "categoria": "laptops"
    },
    {
       "id": 7,
       "titulo": "Samsung Galaxy Book",
       "descripcion": "Samsung Galaxy Book S (2020) Laptop With Intel Lakefield Chip, 8GB of RAM Launched",
       "precio": 1499,
       "porcentajeDeDescuento": 4.15,
       "rating": 4.25,
       "stock": 50,
       "marca": "Samsung",
       "categoria": "laptops"
    },
    {
       "id": 8,
       "titulo": "Microsoft Surface Laptop 4",
       "descripcion": "Style and speed. Stand out on HD video calls backed by Studio Mics. Capture ideas on the vibrant touchscreen.",
       "precio": 1499,
       "porcentajeDeDescuento": 10.23,
       "rating": 4.43,
       "stock": 68,
       "marca": "Microsoft Surface",
       "categoria": "laptops"
    },
    {
       "id": 9,
       "titulo": "Infinix INBOOK",
       "descripcion": "Infinix Inbook X1 Ci3 10th 8GB 256GB 14 Win10 Grey – 1 Year Warranty",
       "precio": 1099,
       "porcentajeDeDescuento": 11.83,
       "rating": 4.54,
       "stock": 96,
       "marca": "Infinix",
       "categoria": "laptops"
    },
    {
       "id": 10,
       "titulo": "HP Pavilion 15-DK1056WM",
       "descripcion": "HP Pavilion 15-DK1056WM Gaming Laptop 10th Gen Core i5, 8GB, 256GB SSD, GTX 1650 4GB, Windows 10",
       "precio": 1099,
       "porcentajeDeDescuento": 6.18,
       "rating": 4.43,
       "stock": 89,
       "marca": "HP Pavilion",
       "categoria": "laptops"
    },
    {
       "id": 11,
       "titulo": "perfume Oil",
       "descripcion": "Mega Discount, Impression of Acqua Di Gio by GiorgioArmani concentrated attar perfume Oil",
       "precio": 13,
       "porcentajeDeDescuento": 8.4,
       "rating": 4.26,
       "stock": 65,
       "marca": "Impression of Acqua Di Gio",
       "categoria": "fragrances"
    },
    {
       "id": 12,
       "titulo": "Brown Perfume",
       "descripcion": "Royal_Mirage Sport Brown Perfume for Men & Women - 120ml",
       "precio": 40,
       "porcentajeDeDescuento": 15.66,
       "rating": 4,
       "stock": 52,
       "marca": "Royal_Mirage",
       "categoria": "fragrances"
    },
    {
       "id": 13,
       "titulo": "Fog Scent Xpressio Perfume",
       "descripcion": "Product details of Best Fog Scent Xpressio Perfume 100ml For Men cool long lasting perfumes for Men",
       "precio": 13,
       "porcentajeDeDescuento": 8.14,
       "rating": 4.59,
       "stock": 61,
       "marca": "Fog Scent Xpressio",
       "categoria": "fragrances"
    },
    {
       "id": 14,
       "titulo": "Non-Alcoholic Concentrated Perfume Oil",
       "descripcion": "Original Al Munakh® by Mahal Al Musk | Our Impression of Climate | 6ml Non-Alcoholic Concentrated Perfume Oil",
       "precio": 120,
       "porcentajeDeDescuento": 15.6,
       "rating": 4.21,
       "stock": 114,
       "marca": "Al Munakh",
       "categoria": "fragrances"
    },
    {
       "id": 15,
       "titulo": "Eau De Perfume Spray",
       "descripcion": "Genuine  Al-Rehab spray perfume from UAE/Saudi Arabia/Yemen High Quality",
       "precio": 30,
       "porcentajeDeDescuento": 10.99,
       "rating": 4.7,
       "stock": 105,
       "marca": "Lord - Al-Rehab",
       "categoria": "fragrances"
    },
    {
       "id": 16,
       "titulo": "Hyaluronic Acid Serum",
       "descripcion": "L'OrÃ©al Paris introduces Hyaluron Expert Replumping Serum formulated with 1.5% Hyaluronic Acid",
       "precio": 19,
       "porcentajeDeDescuento": 13.31,
       "rating": 4.83,
       "stock": 110,
       "marca": "L'Oreal Paris",
       "categoria": "skincare"
    },
    {
       "id": 17,
       "titulo": "Tree Oil 30ml",
       "descripcion": "Tea tree oil contains a number of compounds, including terpinen-4-ol, that have been shown to kill certain bacteria,",
       "precio": 12,
       "porcentajeDeDescuento": 4.09,
       "rating": 4.52,
       "stock": 78,
       "marca": "Hemani Tea",
       "categoria": "skincare"
    },
    {
       "id": 18,
       "titulo": "Oil Free Moisturizer 100ml",
       "descripcion": "Dermive Oil Free Moisturizer with SPF 20 is specifically formulated with ceramides, hyaluronic acid & sunscreen.",
       "precio": 40,
       "porcentajeDeDescuento": 13.1,
       "rating": 4.56,
       "stock": 88,
       "marca": "Dermive",
       "categoria": "skincare"
    },
    {
       "id": 19,
       "titulo": "Skin Beauty Serum.",
       "descripcion": "Product name: rorec collagen hyaluronic acid white face serum riceNet weight: 15 m",
       "precio": 46,
       "porcentajeDeDescuento": 10.68,
       "rating": 4.42,
       "stock": 54,
       "marca": "ROREC White Rice",
       "categoria": "skincare"
    },
    {
       "id": 20,
       "titulo": "Freckle Treatment Cream- 15gm",
       "descripcion": "Fair & Clear is Pakistan's only pure Freckle cream which helpsfade Freckles, Darkspots and pigments. Mercury level is 0%, so there are no side effects.",
       "precio": 70,
       "porcentajeDeDescuento": 16.99,
       "rating": 4.06,
       "stock": 140,
       "marca": "Fair & Clear",
       "categoria": "skincare"
    },
    {
       "id": 21,
       "titulo": "- Daal Masoor 500 grams",
       "descripcion": "Fine quality Branded Product Keep in a cool and dry place",
       "precio": 20,
       "porcentajeDeDescuento": 4.81,
       "rating": 4.44,
       "stock": 133,
       "marca": "Saaf & Khaas",
       "categoria": "groceries"
    },
    {
       "id": 22,
       "titulo": "Elbow Macaroni - 400 gm",
       "descripcion": "Product details of Bake Parlor Big Elbow Macaroni - 400 gm",
       "precio": 14,
       "porcentajeDeDescuento": 15.58,
       "rating": 4.57,
       "stock": 146,
       "marca": "Bake Parlor Big",
       "categoria": "groceries"
    },
    {
       "id": 23,
       "titulo": "Orange Essence Food Flavou",
       "descripcion": "Specifications of Orange Essence Food Flavour For Cakes and Baking Food Item",
       "precio": 14,
       "porcentajeDeDescuento": 8.04,
       "rating": 4.85,
       "stock": 26,
       "marca": "Baking Food Items",
       "categoria": "groceries"
    },
    {
       "id": 24,
       "titulo": "cereals muesli fruit nuts",
       "descripcion": "original fauji cereal muesli 250gm box pack original fauji cereals muesli fruit nuts flakes breakfast cereal break fast faujicereals cerels cerel foji fouji",
       "precio": 46,
       "porcentajeDeDescuento": 16.8,
       "rating": 4.94,
       "stock": 113,
       "marca": "fauji",
       "categoria": "groceries"
    },
    {
       "id": 25,
       "titulo": "Gulab Powder 50 Gram",
       "descripcion": "Dry Rose Flower Powder Gulab Powder 50 Gram • Treats Wounds",
       "precio": 70,
       "porcentajeDeDescuento": 13.58,
       "rating": 4.87,
       "stock": 47,
       "marca": "Dry Rose",
       "categoria": "groceries"
    },
    {
       "id": 26,
       "titulo": "Plant Hanger For Home",
       "descripcion": "Boho Decor Plant Hanger For Home Wall Decoration Macrame Wall Hanging Shelf",
       "precio": 41,
       "porcentajeDeDescuento": 17.86,
       "rating": 4.08,
       "stock": 131,
       "marca": "Boho Decor",
       "categoria": "home-decoration"
    },
    {
       "id": 27,
       "titulo": "Flying Wooden Bird",
       "descripcion": "Package Include 6 Birds with Adhesive Tape Shape: 3D Shaped Wooden Birds Material: Wooden MDF, Laminated 3.5mm",
       "precio": 51,
       "porcentajeDeDescuento": 15.58,
       "rating": 4.41,
       "stock": 17,
       "marca": "Flying Wooden",
       "categoria": "home-decoration"
    },
    {
       "id": 28,
       "titulo": "3D Embellishment Art Lamp",
       "descripcion": "3D led lamp sticker Wall sticker 3d wall art light on/off button  cell operated (included)",
       "precio": 20,
       "porcentajeDeDescuento": 16.49,
       "rating": 4.82,
       "stock": 54,
       "marca": "LED Lights",
       "categoria": "home-decoration"
    },
    {
       "id": 29,
       "titulo": "Handcraft Chinese style",
       "descripcion": "Handcraft Chinese style art luxury palace hotel villa mansion home decor ceramic vase with brass fruit plate",
       "precio": 60,
       "porcentajeDeDescuento": 15.34,
       "rating": 4.44,
       "stock": 7,
       "marca": "luxury palace",
       "categoria": "home-decoration"
    },
    {
       "id": 30,
       "titulo": "Key Holder",
       "descripcion": "Attractive DesignMetallic materialFour key hooksReliable & DurablePremium Quality",
       "precio": 30,
       "porcentajeDeDescuento": 2.92,
       "rating": 4.92,
       "stock": 54,
       "marca": "Golden",
       "categoria": "home-decoration"
    }
 ]